Antecedente (Compra A),Consecuente (Compra B),Soporte,Confianza,Lift
PROD-000100,PROD-000891,5.1e-05,0.0217,9.3538
PROD-000891,PROD-000100,5.1e-05,0.0219,9.3538
PROD-000924,PROD-001108,5.1e-05,0.0226,9.1459
PROD-001108,PROD-000924,5.1e-05,0.0205,9.1459
PROD-000192,PROD-000008,5.1e-05,0.0229,8.9505
PROD-000008,PROD-000192,5.1e-05,0.0198,8.9505
PROD-001044,PROD-001011,5.1e-05,0.0217,8.7012
PROD-001011,PROD-001044,5.1e-05,0.0203,8.7012
PROD-000384,PROD-000809,5.1e-05,0.0216,8.6744
PROD-000809,PROD-000384,5.1e-05,0.0203,8.6744
PROD-000201,PROD-001168,5.1e-05,0.0212,8.3468
PROD-001168,PROD-000201,5.1e-05,0.0199,8.3468
PROD-001143,PROD-000144,5.1e-05,0.0204,8.3393
PROD-000144,PROD-001143,5.1e-05,0.0207,8.3393
PROD-000315,PROD-000065,5.1e-05,0.0204,8.2178
PROD-000065,PROD-000315,5.1e-05,0.0204,8.2178
PROD-000693,PROD-000932,4.3e-05,0.0175,8.1899
PROD-000932,PROD-000693,4.3e-05,0.0203,8.1899
PROD-000228,PROD-000300,4.3e-05,0.0178,8.1725
PROD-000300,PROD-000228,4.3e-05,0.02,8.1725
PROD-000632,PROD-000386,5.1e-05,0.0211,8.1589
PROD-000386,PROD-000632,5.1e-05,0.0196,8.1589
PROD-001150,PROD-000608,5.1e-05,0.0192,8.0487
PROD-000608,PROD-001150,5.1e-05,0.0212,8.0487
PROD-000523,PROD-000785,5.1e-05,0.021,7.9742
PROD-000785,PROD-000523,5.1e-05,0.0193,7.9742
PROD-000345,PROD-000520,4.3e-05,0.0191,7.9733
PROD-000520,PROD-000345,4.3e-05,0.0181,7.9733
PROD-000280,PROD-000945,4.3e-05,0.0195,7.9392
PROD-000945,PROD-000280,4.3e-05,0.0176,7.9392
PROD-000778,PROD-000940,5.1e-05,0.0186,7.9361
PROD-000940,PROD-000778,5.1e-05,0.0216,7.9361
PROD-000028,PROD-000047,4.3e-05,0.018,7.8752
PROD-000047,PROD-000028,4.3e-05,0.019,7.8752
PROD-000940,PROD-000166,4.3e-05,0.0185,7.8457
PROD-000166,PROD-000940,4.3e-05,0.0184,7.8457
PROD-000625,PROD-000985,4.3e-05,0.0204,7.8297
PROD-000985,PROD-000625,4.3e-05,0.0167,7.8297
PROD-000983,PROD-000018,5.1e-05,0.0199,7.803
PROD-000018,PROD-000983,5.1e-05,0.0198,7.803
PROD-000196,PROD-000712,4.3e-05,0.0193,7.7913
PROD-000712,PROD-000196,4.3e-05,0.0175,7.7913
PROD-000848,PROD-000597,5.1e-05,0.0212,7.7302
PROD-000597,PROD-000848,5.1e-05,0.0185,7.7302
PROD-000304,PROD-000568,4.3e-05,0.0177,7.6872
PROD-000568,PROD-000304,4.3e-05,0.0189,7.6872
PROD-000017,PROD-000643,4.3e-05,0.0192,7.6742
PROD-000107,PROD-000017,4.3e-05,0.0174,7.6742
PROD-000643,PROD-000017,4.3e-05,0.0174,7.6742
PROD-000017,PROD-000107,4.3e-05,0.0192,7.6742
PROD-000897,PROD-000519,4.3e-05,0.0169,7.6502
PROD-000519,PROD-000897,4.3e-05,0.0196,7.6502
PROD-000171,PROD-000050,4.3e-05,0.0184,7.6337
PROD-000050,PROD-000171,4.3e-05,0.018,7.6337
PROD-000137,PROD-001037,4.3e-05,0.0184,7.6337
PROD-001037,PROD-000137,4.3e-05,0.018,7.6337
PROD-000002,PROD-000964,4.3e-05,0.0183,7.633
PROD-000964,PROD-000002,4.3e-05,0.0181,7.633
PROD-000399,PROD-000635,4.3e-05,0.0185,7.5896
PROD-000635,PROD-000399,4.3e-05,0.0178,7.5896
PROD-000323,PROD-000487,4.3e-05,0.0183,7.5644
PROD-000487,PROD-000323,4.3e-05,0.018,7.5644
PROD-000656,PROD-000986,4.3e-05,0.0186,7.5472
PROD-000986,PROD-000656,4.3e-05,0.0176,7.5472
PROD-000424,PROD-000196,3.6e-05,0.0169,7.5272
PROD-000196,PROD-000424,3.6e-05,0.0161,7.5272
PROD-000153,PROD-000854,5.1e-05,0.0186,7.5205
PROD-000854,PROD-000153,5.1e-05,0.0205,7.5205
PROD-000884,PROD-000051,4.3e-05,0.018,7.5184
PROD-000051,PROD-000884,4.3e-05,0.0181,7.5184
PROD-000239,PROD-000508,4.3e-05,0.0187,7.5047
PROD-000508,PROD-000239,4.3e-05,0.0174,7.5047
PROD-000225,PROD-000994,5.1e-05,0.0195,7.4807
PROD-000994,PROD-000225,5.1e-05,0.0194,7.4807
PROD-000311,PROD-000267,4.3e-05,0.0166,7.4774
PROD-000267,PROD-000311,4.3e-05,0.0195,7.4774
PROD-000050,PROD-000334,4.3e-05,0.018,7.4732
PROD-000334,PROD-000050,4.3e-05,0.018,7.4732
PROD-000599,PROD-000038,4.3e-05,0.0187,7.4398
PROD-000038,PROD-000599,4.3e-05,0.0173,7.4398
PROD-000356,PROD-000979,4.3e-05,0.0172,7.4184
PROD-000979,PROD-000356,4.3e-05,0.0187,7.4184
PROD-000151,PROD-000011,4.3e-05,0.0186,7.4151
PROD-000011,PROD-000151,4.3e-05,0.0173,7.4151
PROD-000892,PROD-000758,4.3e-05,0.0178,7.3845
PROD-000758,PROD-000892,4.3e-05,0.018,7.3845
PROD-000202,PROD-000614,4.3e-05,0.0179,7.3842
PROD-000614,PROD-000202,4.3e-05,0.0179,7.3842
PROD-000424,PROD-000236,3.6e-05,0.0169,7.3384
PROD-000236,PROD-000424,3.6e-05,0.0157,7.3384
PROD-001091,PROD-000764,4.3e-05,0.0187,7.3341
PROD-000764,PROD-001091,4.3e-05,0.017,7.3341
PROD-001110,PROD-000907,4.3e-05,0.0177,7.319
PROD-000907,PROD-001110,4.3e-05,0.018,7.319
PROD-001097,PROD-000646,4.3e-05,0.0178,7.3187
PROD-000646,PROD-001097,4.3e-05,0.0179,7.3187
PROD-000459,PROD-000031,4.3e-05,0.018,7.2548
PROD-000031,PROD-000459,4.3e-05,0.0175,7.2548
PROD-001044,PROD-000570,4.3e-05,0.0186,7.2475
PROD-000570,PROD-001044,4.3e-05,0.0169,7.2475
